[
  {
    "name": "เดย์",
    "bookname": "วาดอนาโตมี่",
    "image": "https://media.discordapp.net/attachments/789513473800929282/1302638525832757291/8m.png?ex=6728d82a&is=672786aa&hm=046b17968dbcf4c403168af70fbaa6cc696b1408ad3daba8743e1d63321cbb53&=&format=webp&quality=lossless&width=437&height=437",
    "details": "300 บาท"
  },
  {
    "name": "ชามด",
    "bookname": "java ง่ายๆ",
    "image": "https://media.discordapp.net/attachments/789513473800929282/1302638502197854340/8f.png?ex=6728d824&is=672786a4&hm=54bee2d6d61a08ce994bfde44f33c5833b649745118b1c7263d134c800e9f5fa&=&format=webp&quality=lossless&width=327&height=437",
    "details": "400 บาท"
  },
{
    "name": "ปูน",
    "bookname": "ไฟฟ้า",
    "image": "https://cdn-local.mebmarket.com/meb/server1/201369/Thumbnail/book_detail_large.gif?2",
    "details": "190 บาท"
  }
]
