[
  {
    "name": "O5",
    "bookname": "SCP",
    "image": "https://goldenapplecomics.com/cdn/shop/products/105781-hr.jpg?v=1703887734&width=600",
    "details": "500 บาท"
  },
  {
    "name": "TTT",
    "bookname": "ToTo",
    "image": "https://media.discordapp.net/attachments/789513473800929282/1302638410460168243/toto-cheese-heist.png?ex=6728d80e&is=6727868e&hm=293b7da9008b8da7ba187dd0cd52fbaf2bdebd7cef0c2f4042816b5313eaa556&=&format=webp&quality=lossless&width=437&height=437",
    "details": "250 บาท"
  },
{
    "name": "HPG",
    "bookname": "arknights",
    "image": "https://media.discordapp.net/attachments/789513473800929282/1302638590517313667/ln.png?ex=6728d839&is=672786b9&hm=3a1febb5750c76f2a09a692d8ebeb23a9067aa6166130fb9e8b5d9df85c52476&=&format=webp&quality=lossless&width=518&height=671",
    "details": "300 บาท"
  }
]